Timestamp,Route_Name,Distance_km,Live_Duration_min,Typical_Duration_min,Delay_min
2026-09-30 11:39:07,Jadavpur_Stn_to_8B,1.14,4.34,4.4,0.0
2026-09-30 11:39:07,8B_to_Sulekha,0.71,2.78,2.92,0.0
2026-09-30 11:39:07,Sulekha_to_8B,0.71,2.77,2.88,0.0
2026-09-30 16:59:55,Jadavpur_Stn_to_8B,1.14,4.4,4.41,0.0
2026-09-30 16:59:56,8B_to_Sulekha,0.71,2.87,2.93,0.0
2026-09-30 16:59:56,Sulekha_to_8B,0.79,3.2,2.89,0.31
2026-09-30 21:19:51,Jadavpur_Stn_to_8B,1.14,4.21,4.24,0.0
2026-09-30 21:19:51,8B_to_Sulekha,0.71,2.69,2.83,0.0
2026-09-30 21:19:51,Sulekha_to_8B,0.91,3.41,2.79,0.62
2026-10-01 00:39:14,Jadavpur_Stn_to_8B,1.14,3.34,4.19,0.0
2026-10-01 00:39:14,8B_to_Sulekha,0.71,2.39,2.85,0.0
2026-10-01 00:39:14,Sulekha_to_8B,0.91,2.54,2.81,0.0
2026-10-01 06:32:30,Jadavpur_Stn_to_8B,1.14,3.87,4.4,0.0
2026-10-01 06:32:30,8B_to_Sulekha,0.71,2.71,2.92,0.0
2026-10-01 06:32:31,Sulekha_to_8B,0.71,2.69,2.88,0.0
2026-10-01 13:53:41,Jadavpur_Stn_to_8B,1.14,4.39,4.4,0.0
2026-10-01 13:53:41,8B_to_Sulekha,0.71,2.92,2.92,0.0
2026-10-01 13:53:42,Sulekha_to_8B,0.71,2.89,2.89,0.0
